{"text": "\u8ba9\u7434\u98ce\u5439\u52a8\u4e86\u4f60\u7684\u957f\u53d1\u8ba9\u5b83\u7275\u5f15\u7740\u4f60\u7684\u68a6\u98de\u6765\u98de\u53bb\u7684\u6ee1\u5929\u7684\u5e9f\u589f\u662f\u5e7b\u60f3\u4f60\u7684\u7b11\u5bb9", "segments": [{"id": 0, "seek": 0, "start": 0.0, "end": 4.0, "text": "\u8ba9\u7434\u98ce\u5439\u52a8\u4e86\u4f60\u7684\u957f\u53d1", "tokens": [50365, 33650, 10568, 112, 47209, 2392, 117, 34961, 2289, 18961, 32271, 28926, 50565], "temperature": 0.0, "avg_logprob": -0.25968115937476066, "compression_ratio": 1.0096153846153846, "no_speech_prob": 1.9371454093586316e-11}, {"id": 1, "seek": 0, "start": 4.0, "end": 7.24, "text": "\u8ba9\u5b83\u7275\u5f15\u7740\u4f60\u7684\u68a6", "tokens": [50565, 33650, 11284, 6935, 113, 41301, 20708, 18961, 19017, 99, 50727], "temperature": 0.0, "avg_logprob": -0.25968115937476066, "compression_ratio": 1.0096153846153846, "no_speech_prob": 1.9371454093586316e-11}, {"id": 2, "seek": 0, "start": 7.24, "end": 13.24, "text": "\u98de\u6765\u98de\u53bb\u7684\u6ee1\u5929\u7684\u5e9f\u589f", "tokens": [50727, 11808, 252, 6912, 11808, 252, 6734, 1546, 15868, 94, 6135, 1546, 6346, 253, 24228, 253, 51027], "temperature": 0.0, "avg_logprob": -0.25968115937476066, "compression_ratio": 1.0096153846153846, "no_speech_prob": 1.9371454093586316e-11}, {"id": 3, "seek": 0, "start": 13.24, "end": 16.0, "text": "\u662f\u5e7b\u60f3\u4f60\u7684\u7b11\u5bb9", "tokens": [51027, 1541, 3509, 119, 7093, 18961, 11600, 25750, 51165], "temperature": 0.0, "avg_logprob": -0.25968115937476066, "compression_ratio": 1.0096153846153846, "no_speech_prob": 1.9371454093586316e-11}], "language": "zh"}