{"text": "\u5f80\u4e8b\u5982\u98a8 \u81f3\u4eca\u53ea\u662f\u96e3\u61c2\u5fc3\u4e8b\u51b0\u51ac \u600e\u770b\u76f8\u8b58\u4e0d\u76f8\u9022\u96e3\u6368\u5fc3\u75db \u96e3\u8aaa\u60c5\u610f\u5982\u773e\u96e3\u8aaa\u4f60\u5728\u6211\u5fc3\u4e2d\u7167\u7247\u4e2d", "segments": [{"id": 0, "seek": 0, "start": 0.0, "end": 6.5200000000000005, "text": "\u5f80\u4e8b\u5982\u98a8 \u81f3\u4eca\u53ea\u662f\u96e3\u61c2", "tokens": [50364, 29510, 6973, 8238, 22713, 220, 20844, 6480, 36859, 21192, 29624, 50690], "temperature": 0.0, "avg_logprob": -0.4850080663507635, "compression_ratio": 1.0327868852459017, "no_speech_prob": 0.24651920795440674}, {"id": 1, "seek": 0, "start": 6.5200000000000005, "end": 13.120000000000001, "text": "\u5fc3\u4e8b\u51b0\u51ac \u600e\u770b\u76f8\u8b58\u4e0d\u76f8\u9022", "tokens": [50690, 7945, 6973, 5676, 108, 5676, 105, 220, 7627, 4200, 15106, 43143, 1960, 15106, 2215, 95, 51020], "temperature": 0.0, "avg_logprob": -0.4850080663507635, "compression_ratio": 1.0327868852459017, "no_speech_prob": 0.24651920795440674}, {"id": 2, "seek": 0, "start": 13.120000000000001, "end": 19.32, "text": "\u96e3\u6368\u5fc3\u75db \u96e3\u8aaa\u60c5\u610f\u5982\u773e", "tokens": [51020, 21192, 162, 18304, 7945, 28737, 220, 21192, 4622, 10570, 9042, 8238, 29595, 51330], "temperature": 0.0, "avg_logprob": -0.4850080663507635, "compression_ratio": 1.0327868852459017, "no_speech_prob": 0.24651920795440674}, {"id": 3, "seek": 0, "start": 19.32, "end": 25.52, "text": "\u96e3\u8aaa\u4f60\u5728\u6211\u5fc3\u4e2d\u7167\u7247\u4e2d", "tokens": [51330, 21192, 4622, 41410, 1654, 7945, 5975, 32150, 16668, 5975, 51640], "temperature": 0.0, "avg_logprob": -0.4850080663507635, "compression_ratio": 1.0327868852459017, "no_speech_prob": 0.24651920795440674}], "language": "zh"}